INSERT INTO `artists`(`name`, `is_group`)
VALUES ('Eminem', '0'),
('Dr. Dre', '0'),
('2Pac', '0'),
('Wu-Tang Clan', '1'),
('Outkast', '1'),  
('Denzel Curry', '0'),  
('JID', '0'),
('Kendrick Lamar', '0'),  
('J. Cole', '0'),  
('Lil Wayne', '0'),  
('Joey Bada$$', '0'),  
('The Game', '0'),  
('Ice Cube', '0'), 
('DMX', '0'),  
('Lauryn Hill', '0'),  
('Makaveli', '0'), 
('Nas', '0'),
('Big L', '0'),  
('Kids See Ghosts', '1'),  
('Kanye West', '0'),  
('The Notorious B.I.G', '0'),  
('50 Cent', '0'),  
('Fugees', '1'),  
('Ghostface Killah', '0'),  
('GZA', '0'),  
('Mos Def', '0'),  
('Black Star', '1'),  
('Big Pun', '0'),
('Snoop Dogg', '0'),  
('Gang Starr', '1'),  
('IDK', '0'),  
('Ol\' Dirty Bastard', '0'),
('Souls Of Mischief', '1'), 
('The Pharcyde', '1'),  
('Warren G', '0'),  
('Isaiah Rashad', '0'),  
('Westside Gunn', '0'),  
('Tyler, The Creator', '0'),  
('Benny The Butcher', '0'),  
('Racionais MC’s', '1'),  
('BK', '0'),  
('O Rappa', '1'),  
('Charlie Brown Jr.', '1'),  
('Febem & Fleezus', '1'), 
('Sant', '0');

INSERT INTO `albums`(`name`, `release_year`, `duration`, `no_tracks`)
VALUES ('8 Mile (Music From and Inspired By The Motion Picture)', 2002, '01:08:00', 16),
('2001', 1999, '01:08:00', 23),
('All Eyez On Me', 1996, '02:12:00', 27),
('Enter the Wu-Tang (36 Chambers)', 1993, '01:10:00', 15),
('Aquemini', 1998, '01:14:00', 16),
('ATLiens', 1996, '00:57:00', 15),
('Illmatic', 1994, '00:39:00', 10),
('The Big Picture', 2000, '00:55:00', 16),
('Good Kid, M.A.A.D City', 2001, '01:17:00', 14),
('2014 Forest Hills Drive', 2014, '01:04:00', 13),
('Tha Carter V', 2018, '01:27:00', 23),
('1999', 2012, '01:01:00', 15),
('To Pimp a Butterfly', 2015, '01:18:00', 16),
('UNLOCKED', 2020, '00:17:00', 8),
('The Forever Story', 2022, '01:06:00', 16),
('Stankonia', 2000, '01:13:00', 24),
('Only Built 4 Cuban Linx…', 1994, '01:13:00', 18),
('The Score', 1996, '01:09:00', 15),
('Supreme Clientele', 2000, '01:04:00', 21),
('Black On Both Sides', 1999, '01:11:00', 17),
('Stillmatic', 2001, '00:56:00', 14),
('Magic', 2021, '00:29:00', 9),
('The Don Killuminati: The 7 Day Theory', 1996, '00:59:00', 12),
('Life After Death', 1997, '01:49:00', 24),
('Straight Outta Compton', 1988, '01:00:00', 13),
('The Infamous', 1995, '01:06:00', 16),
('The Sun\'s Tirade', 2016, '01:03:00', 17),
('93 \'til Infinity', 1993, '00:53:00', 14),
('Bizarre Ride II The Pharcyde', 1992, '00:56:00', 16),
('Regulate... G Funk Era', 1994, '01:02:00', 18),  
('Mos Def & Talib Kweli Are Black Star', 1998, '00:49:00', 13),
('Capital Punishment', 1998, '01:11:00', 24),
('Doggystyle', 1993, '00:52:00', 13),
('Moment Of Truth', 1998, '01:18:00', 20),
('IDK & FRIENDS :)', 2018, '00:00:16', 7),
('Return to the 36 Chambers: The Dirty Version', 1994, '01:07:00', 17),
('Lifestylez Ov Da Poor & Dangerous', 1995, '00:48:00', 12),
('MM..FOOD', 2004, '00:48:00', 15),
('My Beautiful Dark Twisted Fantasy', 2010, '01:05:00', 13),
('Damn', 2017, '00:54:00', 14),
('Ye', 2018, '00:23:00', 7),
('Kids See Ghosts', 2018, '00:23:00', 7),
('4:44', 2017, '00:36:00', 10),
('The Eminem Show', 2002, '01:12:00', 19),
('The Marshall Mathers LP', 2000, '01:12:00', 18),
('Get Rich Or Die Tryin\'', 2003, '01:14:00', 20),
('The Blueprint', 2001, '01:03:00', 15),
('The Documentary', 2004, '01:09:00', 18),
('The Predator', 1992, '00:56:00', 16),
('Sobrevivendo no Inferno', 1997, '01:13:00', 12),
('Nada Como um Dia Após o Outro Dia, Vol. 1 & 2', 2002, '01:50:00', 21),
('Castelos & Ruínas', 2016, '00:42:00', 13),
('Gigantes', 2018, '00:49:00', 13),
('7 Vezes', 2008, '01:04:00', 14),
('Lado B Lado A', 1999, '00:56:00', 12),
('Preço Curto, Prazo Longo', 1999, '01:08:00', 25),
('100% Charlie Brown Jr – Abalando A Sua Fábrica', 2001, '00:36:00', 12),
('Camisa 10 joga bola até na chuva', 2009, '00:51:00', 13),
('BRIME!', 2020, '00:20:00', 6),
('BRIME! (Deluxe)', 2023, '00:39:00', 11),
('O Que Separa os Homens dos Meninos, Vol. 1', 2015, '00:18:00', 5),
('Rap dos Novos Bandidos', 2021, '00:33:00', 15),
('Ainda É o Rap dos Novos Bandidos', 2022, '00:18:00', 9),
('CONVICTO', 2024, '00:29:00', 10);

INSERT INTO `songs`(`name`, `artist_name`, `album_name`, `feat_name`, `from_country`)
VALUES ('Rabbit run', 'Eminem', '8 Mile (Music From and Inspired By The Motion Picture)', '', 'Estados Unidos'),
('Lose Yourself', 'Eminem', '8 Mile', '', 'Estados Unidos'),
('Forgot about Dre', 'Dr. Dre', '2001', 'Eminem', 'Estados Unidos'),
('The Watcher', 'Dr. Dre', '2001', 'Eminem & Knoc-Turn\'al', 'Estados Unidos'),
('What\'s The Difference', 'Dr. Dre', '2001', 'Eminen & Xzibit', 'Estados Unidos'),
('Still D.R.E.', 'Dr. Dre', '2001', 'Snoop Dogg', 'Estados Unidos'),
('The Next Episode', 'Dr. Dre', '2001', 'Snoop Dogg', 'Estados Unidos'),
('Ambitionz Az A Ridah', '2Pac', 'All Eyez On Me', '', 'Estados Unidos'),
('Can\'t C Me', '2Pac', 'All Eyez On Me', '', 'Estados Unidos'),
('Picture Me Rollin\'', '2Pac', 'All Eyez On Me', 'Big Syke & C-PO & Danny Boy', 'Estados Unidos'),
('All Eyez On Me\'', '2Pac', 'All Eyez On Me', 'Big Syke', 'Estados Unidos'),
('Skandalouz', '2Pac', 'All Eyez On Me', 'Nate Dogg', 'Estados Unidos'),
('2 Of Amerikaz Most Wanted', '2Pac', 'All Eyez On Me', 'Snoop Dogg', 'Estados Unidos'),
('Only God Can Judge Me', '2Pac', 'All Eyez On Me', 'Rappin\' 4-Tay', 'Estados Unidos'),
('Tradin War Stories', '2Pac', 'All Eyez On Me', 'Outlawz', 'Estados Unidos'),
('California Love', '2Pac', 'All Eyez On Me', 'Dr. Dre', 'Estados Unidos'),
('I Ain\'t Mad At Cha', '2Pac', 'All Eyez On Me', 'Danny Boy', 'Estados Unidos'),
('Check Out Time', '2Pac', 'All Eyez On Me', 'K-Ci & JoJo', 'Estados Unidos'),
('Only God Can Judge Me', '2Pac', 'All Eyez On Me', 'Rappin\' 4-Tay', 'Estados Unidos'),
('Bring Da Ruckus', 'Wu-Tang Clan', 'Enter the Wu-Tang (36 Chambers)', '', 'Estados Unidos'),
('Shame On a Nigga', 'Wu-Tang Clan', 'Enter the Wu-Tang (36 Chambers)', '', 'Estados Unidos'),
('Da Mystery of Chessboxin\'', 'Wu-Tang Clan', 'Enter the Wu-Tang (36 Chambers)', '', 'Estados Unidos'),
('Wu-Tang Clan Ain\'t Nuthing ta F\' Wit', 'Wu-Tang Clan', 'Enter the Wu-Tang (36 Chambers)', '', 'Estados Unidos'),
('C.R.E.A.M (Cash Rules Everything Around Me)', 'Wu-Tang Clan', 'Enter the Wu-Tang (36 Chambers)', '', 'Estados Unidos'),
('Tearz', 'Wu-Tang Clan', 'Enter the Wu-Tang (36 Chambers)', '', 'Estados Unidos'),
('Method Man', 'Wu-Tang Clan', 'Enter the Wu-Tang (36 Chambers)', '', 'Estados Unidos'),
('Aquemini', 'Outkast', 'Aquemini', '', 'Estados Unidos'),
('Rosa Parks', 'Outkast', 'Aquemini', '', 'Estados Unidos'),
('Skew It on the Bar-B', 'Outkast', 'Aquemini', 'Raekwon', 'Estados Unidos'),
('Da Art of Storrytellin\' (Pt.1)', 'Outkast', 'Aquemini', '', 'Estados Unidos'),
('SpottieOttieDopaliscious', 'Outkast', 'Aquemini', '', 'Estados Unidos'),
('Walkin', 'Denzel Curry', 'Melt My Eyez See Your Future', '', 'Estados Unidos'),
('Melt Session #1', 'Denzel Curry', 'Melt My Eyez See Your Future', 'Robert Glasper', 'Estados Unidos'),
('The Last', 'Denzel Curry', 'Melt My Eyez See Your Future', '', 'Estados Unidos'),
('Mental', 'Denzel Curry', 'Melt My Eyez See Your Future', 'Saul Williams & Bridget Perez', 'Estados Unidos'),
('Angelz', 'Denzel Curry', 'Melt My Eyez See Your Future', 'Karriem Riggins', 'Estados Unidos'),
('X-Wing', 'Denzel Curry', 'Melt My Eyez See Your Future', '', 'Estados Unidos'),
('The Smell Of Death', 'Denzel Curry', 'Melt My Eyez See Your Future', '', 'Estados Unidos'),
('The Ills', 'Denzel Curry', 'Melt My Eyez See Your Future', '', 'Estados Unidos'),
('Ain\'t No Way', 'Denzel Curry', 'Melt My Eyez See Your Future', '6LACK & Rico Nasty & JID & Jasiah & Kitty Ca$h', 'Estados Unidos'),
('Sanjuro', 'Denzel Curry', 'Melt My Eyez See Your Future', '454', 'Estados Unidos'),
('Surround Sound', 'JID', 'The Forever Story', '21 Savage & Baby Tate', 'Estados Unidos'),
('Raydar', 'JID', 'The Forever Story', '', 'Estados Unidos'),
('Dance Now', 'JID', 'The Forever Story', 'Kenny Mason', 'Estados Unidos'),
('Crack Sandwich', 'JID', 'The Forever Story', '', 'Estados Unidos'),
('Kody Blue 31', 'JID', 'The Forever Story', '', 'Estados Unidos'),
('Sistanem', 'JID', 'The Forever Story', '', 'Estados Unidos'),
('Stars', 'JID', 'The Forever Story', 'Yasiin Bey', 'Estados Unidos'),
('Lauder Too', 'JID', 'The Forever Story', 'Ravyn Lenae & Eryn Allen Kane', 'Estados Unidos'),
('Can\'t Make U Change', 'JID', 'The Forever Story', 'Ari Lennox', 'Estados Unidos'),
('2007', 'JID', 'The Forever Story', '', 'Estados Unidos'),
('ATLiens', 'Outkast', 'ATLiens', '', 'Estados Unidos'),
('Two Dope Boyz (In a Cadillac)', 'Outkast', 'ATLiens', '', 'Estados Unidos'),
('Jazzy Belle', 'Outkast', 'ATLiens', '', 'Estados Unidos'),
('Elevators (Me & You)', 'Outkast', 'ATLiens', '', 'Estados Unidos'),
('Ova Da Wudz', 'Outkast', 'ATLiens', '', 'Estados Unidos'),
('Decatur Psalm', 'Outkast', 'ATLiens', '', 'Estados Unidos'),
('N.Y. State of Mind', 'Nas', 'Illmatic', '', 'Estados Unidos'),
('The World Is Yours', 'Nas', 'Illmatic', '', 'Estados Unidos'),
('Halftime', 'Nas', 'Illmatic', '', 'Estados Unidos'),
('Life\'s a Bitch', 'Nas', 'Illmatic', 'AZ & Olu Dara', 'Estados Unidos'),
('One Love', 'Nas', 'Illmatic', 'Q-Tip', 'Estados Unidos'),
('Represent', 'Nas', 'Illmatic', '', 'Estados Unidos'),
('It Ain\'t Hard to Tell', 'Nas', 'Illmatic', '', 'Estados Unidos'),
('Memory Lane (Sittin\' in da Park)', 'Nas', 'Illmatic', '', 'Estados Unidos'),
('The Heist Revisited', 'Big L', 'The Big Picture', '', 'Estados Unidos'),
('Ebonics (Criminal Slang)', 'Big L', 'The Big Picture', '', 'Estados Unidos'),
('Size \'Em Up', 'Big L', 'The Big Picture', '', 'Estados Unidos'),
('98 Freestyle', 'Big L', 'The Big Picture', '', 'Estados Unidos'),
('Deadly Combination', 'Big L', 'The Big Picture', '2Pac', 'Estados Unidos'),
('Flamboyant', 'Big L', 'The Big Picture', '', 'Estados Unidos'),
('Platinum Plus', 'Big L', 'The Big Picture', 'Big Daddy Kane', 'Estados Unidos'),
('Sing About Me, I\'m Dying Of Thirst', 'Kendrick Lamar', 'Good Kid, M.A.A.D City', '', 'Estados Unidos'),
('Bitch, Don\'t Kill My Vibe', 'Kendrick Lamar', 'Good Kid, M.A.A.D City', '', 'Estados Unidos'),
('Backseat Freestyle', 'Kendrick Lamar', 'Good Kid, M.A.A.D City', '', 'Estados Unidos'),
('Money Trees', 'Kendrick Lamar', 'Good Kid, M.A.A.D City', 'Jay Rock', 'Estados Unidos'),
('m.A.A.d city', 'Kendrick Lamar', 'Good Kid, M.A.A.D City', 'Mc Eiht', 'Estados Unidos'),
('Real', 'Kendrick Lamar', 'Good Kid, M.A.A.D City', '', 'Estados Unidos'),
('Bitch, Don\'t Kill My Vibe - Remix', 'Kendrick Lamar', 'Good Kid, M.A.A.D City', '', 'Estados Unidos'),
('Swimming Pools (Drank)', 'Kendrick Lamar', 'Good Kid, M.A.A.D City', '', 'Estados Unidos'),
('No Role Modelz', 'J. Cole', '2014 Forest Hills Drive', '', 'Estados Unidos'),
('Wet Dreamz', 'J. Cole', '2014 Forest Hills Drive', '', 'Estados Unidos'),
('03\' Adolescence', 'J. Cole', '2014 Forest Hills Drive', '', 'Estados Unidos'),
('Love Yourz', 'J. Cole', '2014 Forest Hills Drive', '', 'Estados Unidos'),
('Mona Lisa', 'Lil Wayne', 'Tha Carter V', 'Kendrick Lamar', 'Estados Unidos'),
('Survival Tactitcs', 'Joey Bada$$', '1999', 'Capital Steez', 'Estados Unidos'),
('Righteous Minds', 'Joey Bada$$', '1999', '', 'Estados Unidos'),
('Where It\'$ At?', 'Joey Bada$$', '1999', 'Kirk Knight', 'Estados Unidos'),
('Summer Knights', 'Joey Bada$$', '1999', '', 'Estados Unidos'),
('Alright', 'Kendrick Lamar', 'To Pimp a Butterfly', '', 'Estados Unidos'),
('Wesley\'s Theory', 'Kendrick Lamar', 'To Pimp a Butterfly', 'George Clinton & Thundercat', 'Estados Unidos'),
('King Kunta', 'Kendrick Lamar', 'To Pimp a Butterfly', '', 'Estados Unidos'),
('These Walls', 'Kendrick Lamar', 'To Pimp a Butterfly', 'Bilal & Anna Wise & Thundercat', 'Estados Unidos'),
('U', 'Kendrick Lamar', 'To Pimp a Butterfly', '', 'Estados Unidos'),
('I', 'Kendrick Lamar', 'To Pimp a Butterfly', '', 'Estados Unidos'),
('Complexion (A Zulu Love)', 'Kendrick Lamar', 'To Pimp a Butterfly', 'Rapsody', 'Estados Unidos'),
('Mortal Man', 'Kendrick Lamar', 'To Pimp a Butterfly', '', 'Estados Unidos'),
('Hood Politics', 'Kendrick Lamar', 'To Pimp a Butterfly', '', 'Estados Unidos'),
('The Blacker The Berry', 'Kendrick Lamar', 'To Pimp a Butterfly', '', 'Estados Unidos'),
('DIET_', 'Denzel Curry', 'Unlocked', 'Kenny Beats', 'Estados Unidos'),
('Take_it_Back_v2', 'Denzel Curry', 'Unlocked', 'Kenny Beats', 'Estados Unidos'),
('Lay_Up.m4a', 'Denzel Curry', 'Unlocked', 'Kenny Beats', 'Estados Unidos'),
('So.Incredible.pkg', 'Denzel Curry', 'Unlocked', 'Kenny Beats', 'Estados Unidos'),
('Pyro (leak 2019)', 'Denzel Curry', 'Unlocked', 'Kenny Beats', 'Estados Unidos'),
('Nas Is Like', 'Nas', 'I Am...', '', 'Estados Unidos'),
('Small World', 'Nas', 'I Am...', '', 'Estados Unidos'),
('Hate Me Now', 'Nas', 'I Am...', 'Diddy', 'Estados Unidos'),
('Undying Love', 'Nas', 'I Am...', '', 'Estados Unidos'),
('Red Velvet', 'Outkast', 'Stankonia', '', 'Estados Unidos'),
('So Fresh, So Clean', 'Outkast', 'Stankonia', '', 'Estados Unidos'),
('Ms. Jackson', 'Outkast', 'Stankonia', '', 'Estados Unidos'),
('Snappin\' & Trappin\'', 'Outkast', 'Stankonia', 'Killer Mike & J-Sweet', 'Estados Unidos'),
('Humble Mumble', 'Outkast', 'Stankonia', 'Erykah Badu', 'Estados Unidos'),
('?', 'Outkast', 'Stankonia', '', 'Estados Unidos'),
('Toilet Tisha', 'Outkast', 'Stankonia', '', 'Estados Unidos'),
('B.O.B - Bombs Over Baghdad', 'Outkast', 'Stankonia', '', 'Estados Unidos'),
('Ice Cream', 'Raekwon', 'Only Built 4 Cuban Linx...', 'Ghostface Killah & Method Man & Cappadonna', 'Estados Unidos'),
('Criminology', 'Raekwon', 'Only Built 4 Cuban Linx...', 'Ghostface Killah', 'Estados Unidos'),
('Incarcerated Scarfaces', 'Raekwon', 'Only Built 4 Cuban Linx...', '', 'Estados Unidos'),
('Guillotine (Swordz)', 'Raekwon', 'Only Built 4 Cuban Linx...', 'Ghostface Killah & Inspectah Deck', 'Estados Unidos'),
('Glaciers of Ice', 'Raekwon', 'Only Built 4 Cuban Linx...', 'Ghostface Killah & Masta Killa', 'Estados Unidos'),
('Verbal Intercourse', 'Raekwon', 'Only Built 4 Cuban Linx...', 'Ghostface Killah & Nas', 'Estados Unidos'),
('Heaven & Hell', 'Raekwon', 'Only Built 4 Cuban Linx...', 'Ghostface Killah', 'Estados Unidos'),
('Workin\' Out', 'JID', 'DiCaprio 2', '', 'Estados Unidos'),
('Renegade', 'Jay-Z', 'The Blueprint', 'Eminem', 'Estados Unidos'),
('The Ruler\'s Back', 'Jay-Z', 'The Blueprint', '', 'Estados Unidos'),
('Takeover', 'Jay-Z', 'The Blueprint', '', 'Estados Unidos'),
('Izzo (H.O.V.A)', 'Jay-Z', 'The Blueprint', '', 'Estados Unidos'),
('Heart Of The City (Ain\'t No Love)', 'Jay-Z', 'The Blueprint', '', 'Estados Unidos'),
('Song Cry', 'Jay-Z', 'The Blueprint', '', 'Estados Unidos'),
('Never Change', 'Jay-Z', 'The Blueprint', '', 'Estados Unidos'),
('Lyrical Exercise', 'Jay-Z', 'The Blueprint', '', 'Estados Unidos'),
('Blueprint (Momma Loves Me)', 'Jay-Z', 'The Blueprint', '', 'Estados Unidos'),
('Hate It Or Love It', 'The Game', 'The Documentary', '50 Cent', 'Estados Unidos'),
('How We Do', 'The Game', 'The Documentary', '50 Cent', 'Estados Unidos'),
('It Was A Good Day', 'Ice Cube', 'The Predator', '', 'Estados Unidos'),
('I Can Feel It', 'DMX', 'It\'s Dark And Hell Is Hot', '', 'Estados Unidos'),
('Ruff Ryder\'s Anthem', 'DMX', 'It\'s Dark And Hell Is Hot', '', 'Estados Unidos'),
('Look Thru My Eyes', 'DMX', 'It\'s Dark And Hell Is Hot', '', 'Estados Unidos'),
('Get At Me Dog', 'DMX', 'It\'s Dark And Hell Is Hot', 'Sheek', 'Estados Unidos'),
('Let Me Fly', 'DMX', 'It\'s Dark And Hell Is Hot', '', 'Estados Unidos'),
('How\'s It Goin\' Down', 'DMX', 'It\'s Dark And Hell Is Hot', '', 'Estados Unidos'),
('For My Dogs', 'DMX', 'It\'s Dark And Hell Is Hot', 'Drag-On & Loose & Big Stan & Kasino', 'Estados Unidos'),
('Ex-Factor', 'Lauryn Hill', 'The Miseducation of Lauryn Hill', '', 'Estados Unidos'),
('Lost Ones', 'Lauryn Hill', 'The Miseducation of Lauryn Hill', '', 'Estados Unidos'),
('Doo Wop (That Thing)', 'Lauryn Hill', 'The Miseducation of Lauryn Hill', '', 'Estados Unidos'),
('Final Hour', 'Lauryn Hill', 'The Miseducation of Lauryn Hill', '', 'Estados Unidos'),
('When It Hurts so Bad', 'Lauryn Hill', 'The Miseducation of Lauryn Hill', '', 'Estados Unidos'),
('Forgive Them Father', 'Lauryn Hill', 'The Miseducation of Lauryn Hill', '', 'Estados Unidos'),
('Every Ghetto, Every City', 'Lauryn Hill', 'The Miseducation of Lauryn Hill', '', 'Estados Unidos'),
('Can\'t Take My Eyes Off of You - (I Love You Baby)', 'Lauryn Hill', 'The Miseducation of Lauryn Hil', '', 'Estados Unidos'),
('I Used to Love Him', 'Lauryn Hill', 'The Miseducation of Lauryn Hill', 'Mary J. Blige', 'Estados Unidos'),
('Show Me', 'Joey Bada$$', '2000', '', 'Estados Unidos'),
('Head High', 'Joey Bada$$', '2000', '', 'Estados Unidos'),
('Brand New 911', 'Joey Bada$$', '2000', 'Westside Gunn', 'Estados Unidos'),
('Wanna Be Loved', 'Joey Bada$$', '2000', 'JID', 'Estados Unidos'),
('PRIDE.', 'Kendrick Lamar', 'Damn', '', 'Estados Unidos'),
('DNA.', 'Kendrick Lamar', 'Damn', '', 'Estados Unidos'),
('ELEMENT.', 'Kendrick Lamar', 'Damn', '', 'Estados Unidos'),
('FEEL.', 'Kendrick Lamar', 'Damn', '', 'Estados Unidos'),
('LOYALTY.', 'Kendrick Lamar', 'Damn', 'Rihanna', 'Estados Unidos'),
('HUMBLE.', 'Kendrick Lamar', 'Damn', '', 'Estados Unidos'),
('FEAR.', 'Kendrick Lamar', 'Damn', '', 'Estados Unidos'),
('LOVE.', 'Kendrick Lamar', 'Damn', 'Zacari', 'Estados Unidos'),
('XXX.', 'Kendrick Lamar', 'Damn', 'U2', 'Estados Unidos'),
('EAFQUAKE', 'Tyler, The Creator', 'Igor', '', 'Estados Unidos'),
('IGOR\'S THEME', 'Tyler, The Creator', 'Igor', '', 'Estados Unidos'),
('I THINK', 'Tyler, The Creator', 'Igor', '', 'Estados Unidos'),
('NEW MAGIC WAND', 'Tyler, The Creator', 'Igor', '', 'Estados Unidos'),
('GONE, GONE / THANK YOU', 'Tyler, The Creator', 'Igor', '', 'Estados Unidos'),
('ARE WE STILL FRIENDS?', 'Tyler, The Creator', 'Igor', '', 'Estados Unidos'),
('327', 'Westside Gunn', 'Pray for Paris', 'Joey Bada$$ & Tyler, The Creator & Billie Essco', 'Estados Unidos'),
('902190', 'Travis Scott', 'Rodeo', 'Kacy Hill', 'Estados Unidos'),
('Johnny P\'s Caddy', 'Benny The Butcher', 'Tana Talk 4', 'J. Cole', 'Estados Unidos'),
('SWEET / I THOUGHT YOU WANTED TO DANCE', 'Tyler, The Creator', 'Call Me If You Get Lost', 'Brent Faiyaz & Fana Hues', 'Estados Unidos'),
('SIR BAUDELAIRE', 'Tyler, The Creator', 'Call Me If You Get Lost', 'DJ Drama', 'Estados Unidos'),
('CORSO', 'Tyler, The Creator', 'Call Me If You Get Lost', '', 'Estados Unidos'),
('WUSYANAME', 'Tyler, The Creator', 'Call Me If You Get Lost', 'Youngboy Never Broke Again & Ty Dolla $ign', 'Estados Unidos'),
('HOT WIND BLOWS', 'Tyler, The Creator', 'Call Me If You Get Lost', 'Lil Wayne', 'Estados Unidos'),
('4:44', 'Jay-Z', '4:44', '', 'Estados Unidos'),
('The Story of O.J.', 'Jay-Z', '4:44', '', 'Estados Unidos'),
('Family Feud', 'Jay-Z', '4:44', 'Beyoncé', 'Estados Unidos'),
('Marcy Me', 'Jay-Z', '4:44', '', 'Estados Unidos'),
('Smile', 'Jay-Z', '4:44', 'Gloria Carter', 'Estados Unidos'),
('Legacy', 'Jay-Z', '4:44', '', 'Estados Unidos'),
('Ghost Town', 'Kanye West', 'Ye', 'PARTYNEXTDOOR', 'Estados Unidos'),
('Feelin\' It', 'Jay-Z', 'Reasonable Doubt', 'Mecca', 'Estados Unidos'),
('Can\'t Knock The Hustle', 'Jay-Z', 'Reasonable Doubt', 'Mary J. Blige', 'Estados Unidos'),
('Politics As Usual', 'Jay-Z', 'Reasonable Doubt', '', 'Estados Unidos'),
('Dead Presidents II', 'Jay-Z', 'Reasonable Doubt', '', 'Estados Unidos'),
('Brooklyn\'s Finest', 'Jay-Z', 'Reasonable Doubt', 'The Notorius B.I.G', 'Estados Unidos'),
('D\'evils', 'Jay-Z', 'Reasonable Doubt', '', 'Estados Unidos'),
('Friend or Foe', 'Jay-Z', 'Reasonable Doubt', '', 'Estados Unidos'),
('Father Time', 'Kendrick Lamar', 'Mr. Morale & the Big Steppers', 'Sampha', 'Estados Unidos'),
('United In Grief', 'Kendrick Lamar', 'Mr. Morale & the Big Steppers', '', 'Estados Unidos'),
('N95', 'Kendrick Lamar', 'Mr. Morale & the Big Steppers', '', 'Estados Unidos'),
('Rich Spirit', 'Kendrick Lamar', 'Mr. Morale & the Big Steppers', '', 'Estados Unidos'),
('Die Hard', 'Kendrick Lamar', 'Mr. Morale & the Big Steppers', 'Blxst & Amanda Reifer', 'Estados Unidos'),
('Count Me Out', 'Kendrick Lamar', 'Mr. Morale & the Big Steppers', '', 'Estados Unidos'),
('Savior', 'Kendrick Lamar', 'Mr. Morale & the Big Steppers', 'Baby Keem & Sam Dew', 'Estados Unidos'),
('Mother I Sober', 'Kendrick Lamar', 'Mr. Morale & the Big Steppers', 'Beth Gibbons', 'Estados Unidos'),
('4th Dimension', 'Kids See Ghosts', 'Kids See Ghosts', 'Louis Prima', 'Estados Unidos'),
('Reborn', 'Kids See Ghosts', 'Kids See Ghosts', '', 'Estados Unidos'),
('Cudi Montage', 'Kids See Ghosts', 'Kids See Ghosts', '', 'Estados Unidos'),
('Kids See Ghosts', 'Kids See Ghosts', 'Kids See Ghosts', 'Yasiin Bey', 'Estados Unidos'),
('Feel The Love', 'Kids See Ghosts', 'Kids See Ghosts', 'Pusha T', 'Estados Unidos'),
('Runaway', 'Kanye West', 'My Beautiful Dark Twisted Fantasy', 'Pusha T', 'Estados Unidos'),
('Gorgeous', 'Kanye West', 'My Beautiful Dark Twisted Fantasy', 'Kid Cudi & Raekwon', 'Estados Unidos'),
('POWER', 'Kanye West', 'My Beautiful Dark Twisted Fantasy', '', 'Estados Unidos'),
('All Of The Lights', 'Kanye West', 'My Beautiful Dark Twisted Fantasy', '', 'Estados Unidos'),
('Devil In A New Dress', 'Kanye West', 'My Beautiful Dark Twisted Fantasy', 'Rick Ross', 'Estados Unidos'),
('Things Done Changed', 'The Notorius B.I.G', 'Ready to Die', '', 'Estados Unidos'),
('Gimme the Loot', 'The Notorius B.I.G', 'Ready to Die', '', 'Estados Unidos'),
('Machine Gun Funk', 'The Notorius B.I.G', 'Ready to Die', '', 'Estados Unidos'),
('Warning', 'The Notorius B.I.G', 'Ready to Die', '', 'Estados Unidos'),
('Juicy', 'The Notorius B.I.G', 'Ready to Die', '', 'Estados Unidos'),
('Everyday Struggle', 'The Notorius B.I.G', 'Ready to Die', '', 'Estados Unidos'),
('Big Poppa', 'The Notorius B.I.G', 'Ready to Die', '', 'Estados Unidos'),
('Suicidal Thoughts', 'The Notorius B.I.G', 'Ready to Die', '', 'Estados Unidos'),
('Who Shot Ya?', 'The Notorius B.I.G', 'Ready to Die', '', 'Estados Unidos'),
('Just Playing (Dreams)', 'The Notorius B.I.G', 'Ready to Die', '', 'Estados Unidos'),
('What Up Gangsta', '50 Cent', 'Get Rich Or Die Tryin\'', '', 'Estados Unidos'),
('Patiently Waiting', '50 Cent', 'Get Rich Or Die Tryin\'', 'Eminem', 'Estados Unidos'),
('Many Men (Wish Death)', '50 Cent', 'Get Rich Or Die Tryin\'', '', 'Estados Unidos'),
('In Da Club', '50 Cent', 'Get Rich Or Die Tryin\'', '', 'Estados Unidos'),
('High All The Time', '50 Cent', 'Get Rich Or Die Tryin\'', '', 'Estados Unidos'),
('P.I.M.P', '50 Cent', 'Get Rich Or Die Tryin\'', '', 'Estados Unidos'),
('21 Questions', '50 Cent', 'Get Rich Or Die Tryin\'', 'Nate Dogg', 'Estados Unidos'),
('Wanksta', '50 Cent', 'Get Rich Or Die Tryin\'', '', 'Estados Unidos'),
('White America', 'Eminem', 'The Eminem Show', '', 'Estados Unidos'),
('Business', 'Eminem', 'The Eminem Show', '', 'Estados Unidos'),
('Cleanin\' Out My Closet', 'Eminem', 'The Eminem Show', '', 'Estados Unidos'),
('Without Me', 'Eminem', 'The Eminem Show', '', 'Estados Unidos'),
('Sing For The Moment', 'Eminem', 'The Eminem Show', '', 'Estados Unidos'),
('Superman', 'Eminem', 'The Eminem Show', '', 'Estados Unidos'),
('Till I Collapse', 'Eminem', 'The Eminem Show', 'Nate Dogg', 'Estados Unidos'),
('Kill You', 'Eminem', 'The Marshall Mathers LP', '', 'Estados Unidos'),
('Stan', 'Eminem', 'The Marshall Mathers LP', 'Dido', 'Estados Unidos'),
('The Way I Am', 'Eminem', 'The Marshall Mathers LP', '', 'Estados Unidos'),
('The Real Slim Shady', 'Eminem', 'The Marshall Mathers LP', '', 'Estados Unidos'),
('I\'m Back', 'Eminem', 'The Marshall Mathers LP', '', 'Estados Unidos'),
('Drug Ballad', 'Eminem', 'The Marshall Mathers LP', '', 'Estados Unidos'),
('Criminal', 'Eminem', 'The Marshall Mathers LP', '', 'Estados Unidos'),
('Bitch Please II', 'Eminem', 'The Marshall Mathers LP', 'Dr. Dre & Snop Dogg & Xzibit & Nate Dogg', 'Estados Unidos'),
('How Many Mics', 'Fugees', 'The Score', '', 'Estados Unidos'),
('Ready or Not', 'Fugees', 'The Score', '', 'Estados Unidos'),
('Zealots', 'Fugees', 'The Score', '', 'Estados Unidos'),
('Fu-Ge-La', 'Fugees', 'The Score', '', 'Estados Unidos'),
('Killing Me Softly With His Song', 'Fugees', 'The Score', '', 'Estados Unidos'),
('No Woman, No Cry', 'Fugees', 'The Score', '', 'Estados Unidos'),
('The Score', 'Fugees', 'The Score', 'Diamond D', 'Estados Unidos'),
('Nutmeg', 'Ghostface Killah', 'Supreme Clientele', 'RZA', 'Estados Unidos'),
('One', 'Ghostface Killah', 'Supreme Clientele', '', 'Estados Unidos'),
('Apollo Kids', 'Ghostface Killah', 'Supreme Clientele', 'Raekwon', 'Estados Unidos'),
('Buck 50', 'Ghostface Killah', 'Supreme Clientele', 'Cappadonna & Method Man & Redman', 'Estados Unidos'),
('Mighty Healthy', 'Ghostface Killah', 'Supreme Clientele', '', 'Estados Unidos'),
('Wu Banga 101', 'Ghostface Killah', 'Supreme Clientele', 'GZA & Cappadonna & Masta Killa & Raekwon', 'Estados Unidos'),
('Hip Hop', 'Mos Def', 'Black On Both Sides', '', 'Estados Unidos'),
('Love', 'Mos Def', 'Black On Both Sides', '', 'Estados Unidos'),
('Ms. Fat Booty', 'Mos Def', 'Black On Both Sides', '', 'Estados Unidos'),
('Speed Law', 'Mos Def', 'Black On Both Sides', '', 'Estados Unidos'),
('UMI Says', 'Mos Def', 'Black On Both Sides', '', 'Estados Unidos'),
('Mathematics', 'Mos Def', 'Black On Both Sides', '', 'Estados Unidos'),
('Brooklyn', 'Mos Def', 'Black On Both Sides', '', 'Estados Unidos'),
('Know That', 'Mos Def', 'Black On Both Sides', 'Talib Kweli', 'Estados Unidos'),
('Do It Now', 'Mos Def', 'Black On Both Sides', 'Busta Rhymes', 'Estados Unidos'),
('Ether', 'Nas', 'Stillmatic', '', 'Estados Unidos'),
('Got Ur Self A Gun', 'Nas', 'Stillmatic', '', 'Estados Unidos'),
('You\'re da Man', 'Nas', 'Stillmatic', '', 'Estados Unidos'),
('One Mic', 'Nas', 'Stillmatic', '', 'Estados Unidos'),
('2nd Childhood', 'Nas', 'Stillmatic', '', 'Estados Unidos'),
('Speechless', 'Nas', 'Magic', '', 'Estados Unidos'),
('40-16 Building', 'Nas', 'Magic', '', 'Estados Unidos'),
('Hollywood Gangsta', 'Nas', 'Magic', '', 'Estados Unidos'),
('Wu for the Children', 'Nas', 'Magic', '', 'Estados Unidos'),
('Wave Gods', 'Nas', 'Magic', 'A$AP Rocky & DJ Premiere', 'Estados Unidos'),
('Bomb First (My Second Reply)', 'Makaveli', 'The Don Killuminati: The 7 Day Theory', '', 'Estados Unidos'),
('Hail Mary', 'Makaveli', 'The Don Killuminati: The 7 Day Theory', '', 'Estados Unidos'),
('To Live And Die In L.A.', 'Makaveli', 'The Don Killuminati: The 7 Day Theory', '', 'Estados Unidos'),
('Me and My Girlfriend', 'Makaveli', 'The Don Killuminati: The 7 Day Theory', '', 'Estados Unidos'),
('Against All Odds', 'Makaveli', 'The Don Killuminati: The 7 Day Theory', '', 'Estados Unidos'),
('Somebody\'s Gotta Die', 'The Notorius B.I.G', 'Life After Death', '', 'Estados Unidos'),
('Hypnotize', 'The Notorius B.I.G', 'Life After Death', '', 'Estados Unidos'),
('Kick in the Door', 'The Notorius B.I.G', 'Life After Death', '', 'Estados Unidos'),
('What\'s Beef?', 'The Notorius B.I.G', 'Life After Death', '', 'Estados Unidos'),
('Mo Money Mo Problems', 'The Notorius B.I.G', 'Life After Death', 'Puff Daddy & Mase', 'Estados Unidos'),
('Notorius Thugs', 'The Notorius B.I.G', 'Life After Death', '', 'Estados Unidos'),
('I Got a Story to Tell', 'The Notorius B.I.G', 'Life After Death', '', 'Estados Unidos'),
('Ten Crack Commandments', 'The Notorius B.I.G', 'Life After Death', '', 'Estados Unidos'),
('Sky\'s the Limit', 'The Notorius B.I.G', 'Life After Death', '112', 'Estados Unidos'),
('Long Kiss Goodnight', 'The Notorius B.I.G', 'Life After Death', '', 'Estados Unidos'),
('You\'re Nobody (Til Somebody Kills You)', 'The Notorius B.I.G', 'Life After Death', '', 'Estados Unidos'),
('Straight Outta Compton', 'N.W.A.', 'Straight Outta Compton', '', 'Estados Unidos'),
('Fuck Tha Police', 'N.W.A.', 'Straight Outta Compton', '', 'Estados Unidos'),
('Gangsta Gangsta', 'N.W.A.', 'Straight Outta Compton', '', 'Estados Unidos'),
('Parental Discretion Iz Advised', 'N.W.A.', 'Straight Outta Compton', '', 'Estados Unidos'),
('If It Ain\'t Ruff', 'N.W.A.', 'Straight Outta Compton', '', 'Estados Unidos'),
('Shook Ones, Pt. II', 'Mobb Deep', 'The Infamous', '', 'Estados Unidos'),
('Survival of the Fittest', 'Mobb Deep', 'The Infamous', '', 'Estados Unidos'),
('Eye for a Eye (Your Beef Is Mines)', 'Mobb Deep', 'The Infamous', 'Nas & Raewon', 'Estados Unidos'),
('Give Up the Goods (Just Step)', 'Mobb Deep', 'The Infamous', 'Big Noyd', 'Estados Unidos'),
('Trife Life', 'Mobb Deep', 'The Infamous', '', 'Estados Unidos'),
('Cradle to the Grave', 'Mobb Deep', 'The Infamous', '', 'Estados Unidos'),
('Right Back at You', 'Mobb Deep', 'The Infamous', 'Ghostface Killah & Raewon & Big Noyd', 'Estados Unidos'),
('Wat\'s Wrong', 'Isaiah Rashad', 'The Sun\'s Tirade', 'Zacari & Kendrick Lamar', 'Estados Unidos'),
('Free Lunch', 'Isaiah Rashad', 'The Sun\'s Tirade', '', 'Estados Unidos'),
('Park', 'Isaiah Rashad', 'The Sun\'s Tirade', '', 'Estados Unidos'),
('93 \'Til Infinity', 'Souls Of Mischief', '93 \'til Infinity', '', 'Estados Unidos'),
('Passin\' Me By', 'The Pharcyde', 'Bizarre Ride II The Pharcyde', '', 'Estados Unidos'),
('Regulate', 'Warren G', 'Regulate... G Funk Era', 'Nate Dogg', 'Estados Unidos'),
('Astronomy (8th Light)', 'Black Star', 'Mos Def & Talib Kweli Ar Black Star', 'Widon Irvine', 'Estados Unidos'),
('Definition', 'Black Star', 'Mos Def & Talib Kweli Ar Black Star', '', 'Estados Unidos'),
('Re:Definition', 'Black Star', 'Mos Def & Talib Kweli Ar Black Star', '', 'Estados Unidos'),
('Children\'s Story', 'Black Star', 'Mos Def & Talib Kweli Ar Black Star', '', 'Estados Unidos'),
('Brown Skin Lady', 'Black Star', 'Mos Def & Talib Kweli Ar Black Star', '', 'Estados Unidos'),
('Respiration', 'Black Star', 'Mos Def & Talib Kweli Ar Black Star', 'Common', 'Estados Unidos'),
('Thieves In The Night', 'Black Star', 'Mos Def & Talib Kweli Ar Black Star', '', 'Estados Unidos'),
('Beware', 'Big Pun', 'Capital Punishment', '', 'Estados Unidos'),
('Super Lyrical', 'Big Pun', 'Capital Punishment', 'Black Thought', 'Estados Unidos'),
('Still Not a Player', 'Big Pun', 'Capital Punishment', 'Joe', 'Estados Unidos'),
('The Dream Shatterer', 'Big Pun', 'Capital Punishment', '', 'Estados Unidos'),
('You Ain\'t a Killer', 'Big Pun', 'Capital Punishment', '', 'Estados Unidos'),
('I\'m Not a Player', 'Big Pun', 'Capital Punishment', '', 'Estados Unidos'),
('Boomerang', 'Big Pun', 'Capital Punishment', '', 'Estados Unidos'),
('Parental Discretion', 'Big Pun', 'Capital Punishment', 'Busta Rhymes', 'Estados Unidos'),
('Twinz', 'Big Pun', 'Capital Punishment', 'Fat Joe', 'Estados Unidos'),
('Gin and Juice', 'Snoop Dogg', 'Doggystyle', '', 'Estados Unidos'),
('Murder Was The Case', 'Snoop Dogg', 'Doggystyle', '', 'Estados Unidos'),
('Who Am I (What\'s My Name)?', 'Snoop Dogg', 'Doggystyle', '', 'Estados Unidos'),
('You Know My Steez', 'Gang Starr', 'Moment Of Truth', '', 'Estados Unidos'),
('Work', 'Gang Starr', 'Moment Of Truth', '', 'Estados Unidos'),
('Above The Clouds', 'Gang Starr', 'Moment Of Truth', 'Inspectah Deck', 'Estados Unidos'),
('Moment Of Truth', 'Gang Starr', 'Moment Of Truth', '', 'Estados Unidos'),
('What I\'m Here 4', 'Gang Starr', 'Moment Of Truth', '', 'Estados Unidos'),
('My Advice 2 You', 'Gang Starr', 'Moment Of Truth', '', 'Estados Unidos'),
('Next Time', 'Gang Starr', 'Moment Of Truth', '', 'Estados Unidos'),
('ONCE UPON A TIME (FREESTLYE)', 'IDK', 'IDK & FRIENDS :)', 'Denzel Curry', 'Estados Unidos'),
('Shimmy Shimmy Ya', 'Ol\' Dirty Bastard', 'Return to the 36 Chambers: The Dirty Version', '', 'Estados Unidos'),
('Brooklyn Zoo', 'Ol\' Dirty Bastard', 'Return to the 36 Chambers: The Dirty Version', '', 'Estados Unidos'),
('Hippa to da Hoppa', 'Ol\' Dirty Bastard', 'Return to the 36 Chambers: The Dirty Version', '', 'Estados Unidos'),
('Protect Ya Neck II the Zoo', 'Ol\' Dirty Bastard', 'Return to the 36 Chambers: The Dirty Version', '', 'Estados Unidos'),
('Put It On', 'Big L', 'Lifestylez Ov Da Poor & Dangerous', '', 'Estados Unidos'),
('MVP', 'Big L', 'Lifestylez Ov Da Poor & Dangerous', '', 'Estados Unidos'),
('No Endz, No Skinz', 'Big L', 'Lifestylez Ov Da Poor & Dangerous', '', 'Estados Unidos'),
('8 Iz Enuff', 'Big L', 'Lifestylez Ov Da Poor & Dangerous', '', 'Estados Unidos'),
('All Black', 'Big L', 'Lifestylez Ov Da Poor & Dangerous', '', 'Estados Unidos'),
('Danger Zone', 'Big L', 'Lifestylez Ov Da Poor & Dangerous', '', 'Estados Unidos'),
('Da Graveyard', 'Big L', 'Lifestylez Ov Da Poor & Dangerous', '', 'Estados Unidos'),
('Street Struck', 'Big L', 'Lifestylez Ov Da Poor & Dangerous', '', 'Estados Unidos'),
('Let ''Em Have It "L"', 'Big L', 'Lifestylez Ov Da Poor & Dangerous', '', 'Estados Unidos'),
('Fed Up Wit the Bullshit', 'Big L', 'Lifestylez Ov Da Poor & Dangerous', '', 'Estados Unidos'),
('Lifestylez Ov Da Poor & Dangerous', 'Big L', 'Lifestylez Ov Da Poor & Dangerous', '', 'Estados Unidos'),
('Hoe Cakes', 'MF DOOM', 'MM..FOOD', '', 'Estados Unidos'),
('One Beer', 'MF DOOM', 'MM..FOOD', '', 'Estados Unidos'),
('Deep Fried Frenz', 'MF DOOM', 'MM..FOOD', '', 'Estados Unidos'),
('Kon Karne', 'MF DOOM', 'MM..FOOD', '', 'Estados Unidos'),
('Vomitspit', 'MF DOOM', 'MM..FOOD', '', 'Estados Unidos'),
('Rapp Snitch Knishes', 'MF DOOM', 'MM..FOOD', 'Mr. Fantasik', 'Estados Unidos'),
('Hustler''s Ambition', '50 Cent', 'Get Rich Or Die Tryin'' - The Original Motion Pictur Soundtrack', '', 'Estados Unidos'),
('Window Shopper', '50 Cent', 'Get Rich Or Die Tryin'' - The Original Motion Pictur Soundtrack', '', 'Estados Unidos'),
('When It Rains It Pours', '50 Cent', 'Get Rich Or Die Tryin'' - The Original Motion Pictur Soundtrack', '', 'Estados Unidos'),
('Best Friend', '50 Cent', 'Get Rich Or Die Tryin'' - The Original Motion Pictur Soundtrack', '', 'Estados Unidos'),
('I''ll Whip Ya Head Boy', '50 Cent', 'Get Rich Or Die Tryin'' - The Original Motion Pictur Soundtrack', 'Young Buck', 'Estados Unidos'),
('If I Die 2Nite', '2Pac', 'Me Against The World', '', 'Estados Unidos'),
('Me Against The World', '2Pac', 'Me Against The World', 'Dramacydal', 'Estados Unidos'),
('So Many Tears', '2Pac', 'Me Against The World', '', 'Estados Unidos'),
('Temptations', '2Pac', 'Me Against The World', '', 'Estados Unidos'),
('Lord Knows', '2Pac', 'Me Against The World', '', 'Estados Unidos'),
('Dear Mama', '2Pac', 'Me Against The World', '', 'Estados Unidos'),
('It Ain''t Easy', '2Pac', 'Me Against The World', '', 'Estados Unidos'),
('Old School', '2Pac', 'Me Against The World', '', 'Estados Unidos'),
('Piggy Bank', '50 Cent', 'The Massacre', '', 'Estados Unidos'),
('Candy Shop', '50 Cent', 'The Massacre', 'Olivia', 'Estados Unidos'),
('Disco Inferno', '50 Cent', 'The Massacre', '', 'Estados Unidos'),
('Just A Lil Bit', '50 Cent', 'The Massacre', '', 'Estados Unidos'),
('Piggy Bank', '50 Cent', 'The Massacre', '', 'Estados Unidos'),
('Jorge da Capadócia', 'Racionais MC''s', 'Sobrevivendo no Inferno', '', 'Brasil'),
('Capítulo 4, Versículo 3', 'Racionais MC''s', 'Sobrevivendo no Inferno', '', 'Brasil'),
('Tô Ouvindo Alguém Me Chamar', 'Racionais MC''s', 'Sobrevivendo no Inferno', '', 'Brasil'),
('Diário de um Detento', 'Racionais MC''s', 'Sobrevivendo no Inferno', '', 'Brasil'),
('Qual Mentira Vou Acreditar', 'Racionais MC''s', 'Sobrevivendo no Inferno', '', 'Brasil'),
('Mágico de Oz', 'Racionais MC''s', 'Sobrevivendo no Inferno', '', 'Brasil'),
('Fórmula Mágica de Paz', 'Racionais MC''s', 'Sobrevivendo no Inferno', '', 'Brasil'),
('Sou + Você', 'Racionais MC''s', 'Nada Como um Dia Após o Outro Dia, Vol. 1 & 2', '', 'Brasil'),
('Vida Loka, Pt.1', 'Racionais MC''s', 'Nada Como um Dia Após o Outro Dia, Vol. 1 & 2', '', 'Brasil'),
('Nego Drama', 'Racionais MC''s', 'Nada Como um Dia Após o Outro Dia, Vol. 1 & 2', '', 'Brasil'),
('A Vítima', 'Racionais MC''s', 'Nada Como um Dia Após o Outro Dia, Vol. 1 & 2', '', 'Brasil'),
('Eu Sou 157', 'Racionais MC''s', 'Nada Como um Dia Após o Outro Dia, Vol. 1 & 2', '', 'Brasil'),
('A Vida É Desafio', 'Racionais MC''s', 'Nada Como um Dia Após o Outro Dia, Vol. 1 & 2', 'Afro-X', 'Brasil'),
('1 por Amor, 2 por Dinheiro', 'Racionais MC''s', 'Nada Como um Dia Após o Outro Dia, Vol. 1 & 2', '', 'Brasil'),
('Otus 500', 'Racionais MC''s', 'Nada Como um Dia Após o Outro Dia, Vol. 1 & 2', '', 'Brasil'),
('Crime Vai e Vem', 'Racionais MC''s', 'Nada Como um Dia Após o Outro Dia, Vol. 1 & 2', '', 'Brasil'),
('Jesus Chorou', 'Racionais MC''s', 'Nada Como um Dia Após o Outro Dia, Vol. 1 & 2', '', 'Brasil'),
('Estilo Cachorro', 'Racionais MC''s', 'Nada Como um Dia Após o Outro Dia, Vol. 1 & 2', '', 'Brasil'),
('Vida Loka, Pt.2', 'Racionais MC''s', 'Nada Como um Dia Após o Outro Dia, Vol. 1 & 2', '', 'Brasil'),
('Expresso da Meia-Noite', 'Racionais MC''s', 'Nada Como um Dia Após o Outro Dia, Vol. 1 & 2', '', 'Brasil'),
('Da Ponte pra Cá', 'Racionais MC''s', 'Nada Como um Dia Após o Outro Dia, Vol. 1 & 2', '', 'Brasil'),
('Sigo na Sombra', 'BK', 'Castelos & Ruínas', '', 'Brasil'),
('Quadros', 'BK', 'Castelos & Ruínas', 'Luccas Carlos & JXNV$ & Ashira', 'Brasil'),
('O Que Sobra Disso Tudo', 'BK', 'Castelos & Ruínas', 'Luccas Carlos', 'Brasil'),
('Visão Ampla', 'BK', 'Castelos & Ruínas', '', 'Brasil'),
('Caminhos', 'BK', 'Castelos & Ruínas', '', 'Brasil'),
('Castelos & Ruínas', 'BK', 'Castelos & Ruínas', '', 'Brasil'),
('Pirâmide', 'BK', 'Castelos & Ruínas', '', 'Brasil'),
('Amores, Vícios e Obsessões', 'BK', 'Castelos & Ruínas', '', 'Brasil'),
('Não Me Espere', 'BK', 'Castelos & Ruínas', '', 'Brasil'),
('Um Dia de Chuva Qualquer', 'BK', 'Castelos & Ruínas', '', 'Brasil'),
('O Próximo Nascer do Sol', 'BK', 'Castelos & Ruínas', '', 'Brasil'),
('Novo Poder', 'BK', 'Gigantes', '', 'Brasil'),
('Porcentos', 'BK', 'Gigantes', '', 'Brasil'),
('Gigantes', 'BK', 'Gigantes', 'Juyè', 'Brasil'),
('Julius', 'BK', 'Gigantes', '', 'Brasil'),
('Abebe Bikila', 'BK', 'Gigantes', '', 'Brasil'),
('Titãs', 'BK', 'Gigantes', '', 'Brasil'),
('Jovens', 'BK', 'Gigantes', '', 'Brasil'),
('Falam', 'BK', 'Gigantes', 'Sain & Marcelo D2', 'Brasil'),
('Correria - Remix', 'BK', 'Gigantes', 'Akira Presidente & Drik Barbosa & Papatinho', 'Brasil'),
('Deus do Furdunço', 'BK', 'Gigantes', '', 'Brasil'),
('Meu santo tá cansado', 'O Rappa', '7 Vezes', '', 'Brasil'),
('Hóstia', 'O Rappa', '7 Vezes', '', 'Brasil'),
('Meu mundo é o barro', 'O Rappa', '7 Vezes', '', 'Brasil'),
('Monstro invisível', 'O Rappa', '7 Vezes', '', 'Brasil'),
('Súplica cearense', 'O Rappa', '7 Vezes', '', 'Brasil'),
('Fininho da vida', 'O Rappa', '7 Vezes', '', 'Brasil'),
('Respeito pela mais bela', 'O Rappa', '7 Vezes', '', 'Brasil'),
('Vários holofotes', 'O Rappa', '7 Vezes', '', 'Brasil'),
('Tribunal de rua', 'O Rappa', 'Lado B Lado A', '', 'Brasil'),
('Me deixa', 'O Rappa', 'Lado B Lado A', '', 'Brasil'),
('O que sobrou do céu', 'O Rappa', 'Lado B Lado A', '', 'Brasil'),
('Se não avisar o bicho pega', 'O Rappa', 'Lado B Lado A', '', 'Brasil'),
('Minha alma (A paz que eu não quero)', 'O Rappa', 'Lado B Lado A', '', 'Brasil'),
('Lado B lado A', 'O Rappa', 'Lado B Lado A', '', 'Brasil'),
('Homem amarelo', 'O Rappa', 'Lado B Lado A', '', 'Brasil'),
('Confisco', 'Charlie Brown Jr.', 'Preço Curto, Prazo Longo', '', 'Brasil'),
('Zóio De Lula', 'Charlie Brown Jr.', 'Preço Curto, Prazo Longo', '', 'Brasil'),
('Te Levar Daqui', 'Charlie Brown Jr.', 'Preço Curto, Prazo Longo', '', 'Brasil'),
('O Preço', 'Charlie Brown Jr.', 'Preço Curto, Prazo Longo', '', 'Brasil'),
('Não Deixe O Mar Te Engolir', 'Charlie Brown Jr.', 'Preço Curto, Prazo Longo', '', 'Brasil'),
('Hoje Eu Acordei Feliz', 'Charlie Brown Jr.', '100% Charlie Brown Jr - Abalando A Sua Fábrica', '', 'Brasil'),
('Sino Dourado', 'Charlie Brown Jr.', '100% Charlie Brown Jr - Abalando A Sua Fábrica', '', 'Brasil'),
('Quebra-Mar', 'Charlie Brown Jr.', '100% Charlie Brown Jr - Abalando A Sua Fábrica', '', 'Brasil'),
('Lugar Ao Sol', 'Charlie Brown Jr.', '100% Charlie Brown Jr - Abalando A Sua Fábrica', '', 'Brasil'),
('Como Tudo Deve Ser', 'Charlie Brown Jr.', '100% Charlie Brown Jr - Abalando A Sua Fábrica', '', 'Brasil'),
('Tudo Pro Alto', 'Charlie Brown Jr.', '100% Charlie Brown Jr - Abalando A Sua Fábrica', '', 'Brasil'),
('Dona do Meu Pensamento', 'Charlie Brown Jr.', 'Camisa 10 joga bola até na chuva', '', 'Brasil'),
('Me Encontra', 'Charlie Brown Jr.', 'Camisa 10 joga bola até na chuva', '', 'Brasil'),
('Só Os Loucos Sabem', 'Charlie Brown Jr.', 'Camisa 10 joga bola até na chuva', '', 'Brasil'),
('Só Existe o Agora', 'Charlie Brown Jr.', 'Camisa 10 joga bola até na chuva', '', 'Brasil'),
('Viver Dias de Sol', 'Charlie Brown Jr.', 'Camisa 10 joga bola até na chuva', '', 'Brasil'),
('Só Pra Vadiar', 'Charlie Brown Jr.', 'Camisa 10 joga bola até na chuva', '', 'Brasil'),
('RADDIM', 'Febem & Fleezus', 'BRIME!', '', 'Brasil'),
('FALA MEMO', 'Febem & Fleezus', 'BRIME!', 'Coruja Bc1', 'Brasil'),
('TERCEIRO MUNDO', 'Febem & Fleezus', 'BRIME!', '', 'Brasil'),
('CHELSEA', 'Febem & Fleezus', 'BRIME!', '', 'Brasil'),
('YIN YANG', 'Febem & Fleezus', 'BRIME!', '', 'Brasil'),
('SOHO', 'Febem & Fleezus', 'BRIME!', 'Luccas Carlos', 'Brasil'),
('GOLPE', 'Febem & Fleezus', 'BRIME! (Deluxe)', '', 'Brasil'),
('HOJE', 'Febem & Fleezus', 'BRIME! (Deluxe)', '', 'Brasil'),
('SOBE O MORRO', 'Febem & Fleezus', 'BRIME! (Deluxe)', '', 'Brasil'),
('NEM ME LIGA', 'Febem & Fleezus', 'BRIME! (Deluxe)', 'Smile', 'Brasil'),
('O Que Separa os Meninos dos Homens', 'Sant', 'O Que Separa os Homens dos Meninos, Vol. 1', '', 'Brasil'),
('B.O.', 'Sant', 'O Que Separa os Homens dos Meninos, Vol. 1', 'Mc Coé', 'Brasil'),
('O Tempo Passou', 'Sant', 'O Que Separa os Homens dos Meninos, Vol. 1', 'Mc Marechal', 'Brasil'),
('Coragem', 'Sant', 'O Que Separa os Homens dos Meninos, Vol. 1', '', 'Brasil'),
('O Mundo ao Norte', 'Sant', 'O Que Separa os Homens dos Meninos, Vol. 1', '', 'Brasil'),
('Prantos', 'Sant', 'Rap dos Novos Bandidos', '', 'Brasil'),
('Puxa o Gatilho Primeiro', 'Sant', 'Rap dos Novos Bandidos', 'LP Beatzz', 'Brasil'),
('Adidas & Nike', 'Sant', 'Rap dos Novos Bandidos', 'LP Beatzz', 'Brasil'),
('Gestão', 'Sant', 'Rap dos Novos Bandidos', 'LP Beatzz', 'Brasil'),
('Do Falcão', 'Sant', 'Rap dos Novos Bandidos', 'LP Beatzz', 'Brasil'),
('Pertence ao Crime', 'Sant', 'Rap dos Novos Bandidos', 'LP Beatzz', 'Brasil'),
('AQL SLV', 'Sant', 'Rap dos Novos Bandidos', 'LP Beatzz & SD9 & VND & Tiago Mac', 'Brasil'),
('Bônus', 'Sant', 'Rap dos Novos Bandidos', 'LP Beatzz', 'Brasil'),
('Bebeto & Romário', 'Sant', 'Ainda É o Rap dos Novos Bandidos', 'LP Beatzz', 'Brasil'),
('O Terror Voltou', 'Sant', 'Ainda É o Rap dos Novos Bandidos', 'LP Beatzz', 'Brasil'),
('9mm', 'Sant', 'Ainda É o Rap dos Novos Bandidos', 'LP Beatzz', 'Brasil'),
('Vivências', 'Sant', 'Ainda É o Rap dos Novos Bandidos', 'LP Beatzz', 'Brasil'),
('E Essas Dores Não São Nem Metade', 'Sant', 'Ainda É o Rap dos Novos Bandidos', 'LP Beatzz', 'Brasil'),
('Cenas Excluídas', 'Sant', 'Ainda É o Rap dos Novos Bandidos', 'LP Beatzz', 'Brasil'),
('Ar & Água', 'Sant', 'Ainda É o Rap dos Novos Bandidos', 'LP Beatzz', 'Brasil'),
('NOITES DO SUBÚRBIO', 'Sant', 'CONVICTO', 'Jotapê & Mc Marechal', 'Brasil'),
('SANTORUA', 'Sant', 'CONVICTO', '', 'Brasil'),
('NQL BECO', 'Sant', 'CONVICTO', 'AçúK & Borges', 'Brasil'),
('DESCARRILHADO', 'Sant', 'CONVICTO', '', 'Brasil'),
('QUAL FOI', 'Sant', 'CONVICTO', 'Murica & Lis Mc', 'Brasil'),
('NOITES DO SUBÚRBIO', 'Sant', 'CONVICTO', '', 'Brasil'),
('SE N AVISA O BICHO PEGA', 'Sant', '', 'Pior Versão de Mim', 'Brasil'),
('QUOTIDIANO', 'Sant', '', '', 'Brasil'),
('ABAIXO DO RADAR', 'Febem', 'ABAIXO DO RADAR', 'Smile', 'Brasil'),
('OBRIGADO MAINSTREAM', 'Febem', 'ABAIXO DO RADAR', '', 'Brasil'),
('CHUCRO BUARQUE', 'Febem', 'ABAIXO DO RADAR', '', 'Brasil'),
('SUPER HIP-HOP', 'Febem', 'ABAIXO DO RADAR', '', 'Brasil'),
('NÓIS É ISSO AÍ', 'Febem', 'ABAIXO DO RADAR', '', 'Brasil'),
('MAIS UM DIA', 'Febem', 'ABAIXO DO RADAR', '', 'Brasil'),
('RELÓGIO', 'Febem', 'ABAIXO DO RADAR', '', 'Brasil'),
('O DOBRO OU NADA', 'Febem', 'ABAIXO DO RADAR', '', 'Brasil'),
('RELÓGIO', 'Febem', 'ABAIXO DO RADAR', '', 'Brasil');